Timestamp,PWM_Left,PWM_Right,RPM_Left,RPM_Right,Delta,Afstand_Left,Afstand_Right,X,Y,Theta_deg
2025-04-09 10:36:28.815,1700.0,1700.0,0.0,0.0,0.0,0.0,0.0,0.0,0.0,0.0
2025-04-09 10:36:28.916,1700.0,1700.0,0.0,0.0,0.0,0.0,0.0,0.0,0.0,0.0
2025-04-09 10:36:29.016,1700.0,1700.0,0.0,0.0,0.0,0.0,0.0,0.0,0.0,0.0
2025-04-09 10:36:29.116,1700.0,1700.0,0.0,0.0,0.0,0.0,0.0,0.0,0.0,0.0
2025-04-09 10:36:29.217,1700.0,1700.0,0.0,0.0,0.0,0.0,0.0,0.0,0.0,0.0
2025-04-09 10:36:29.318,1702.0,1698.0,250.0,49.9,-200.1,16.3,3.2,9.8,0.0,-15.4
2025-04-09 10:36:29.418,1705.0,1695.0,750.0,450.0,-300.0,49.0,29.4,47.6,-10.4,-38.3
2025-04-09 10:36:29.519,1706.0,1694.0,1050.0,949.9,-100.1,68.7,62.1,99.0,-50.9,-46.0
2025-04-09 10:36:29.619,1704.0,1696.0,1100.0,1299.9,199.9,71.9,85.0,153.7,-107.4,-30.7
2025-04-09 10:36:29.719,1700.0,1700.0,1050.0,1449.9,399.9,68.7,94.9,224.1,-149.0,-0.1
2025-04-09 10:36:29.820,1694.5,1705.5,1000.0,1550.0,549.9,65.4,101.4,307.5,-149.0,42.0
2025-04-09 10:36:29.921,1689.5,1710.5,1100.0,1599.9,499.9,71.9,104.7,373.1,-89.8,80.3
2025-04-09 10:36:30.021,1684.5,1715.5,1150.0,1650.0,500.0,75.2,107.9,388.4,0.5,118.6
2025-04-09 10:36:30.122,1679.0,1721.0,1100.0,1650.0,550.0,71.9,107.9,345.3,79.5,160.7
2025-04-09 10:36:30.222,1675.0,1725.0,1200.0,1599.9,399.9,78.5,104.7,258.9,109.8,191.3
2025-04-09 10:36:30.322,1673.0,1727.0,1350.0,1550.0,200.0,88.3,101.4,165.8,91.2,206.6
2025-04-09 10:36:30.422,1671.5,1728.5,1350.0,1500.0,150.0,88.3,98.1,82.4,49.4,218.1
2025-04-09 10:36:30.523,1670.0,1730.0,1299.9,1449.9,150.0,85.0,94.9,11.6,-6.2,229.5
2025-04-09 10:36:30.623,1670.0,1730.0,1400.0,1400.0,0.0,91.6,91.6,-47.8,-75.9,229.5
2025-04-09 10:36:30.723,1670.5,1729.5,1449.9,1400.0,-50.0,94.9,91.6,-108.2,-146.9,225.7
2025-04-09 10:36:30.824,1671.5,1728.5,1449.9,1350.0,-100.0,94.9,88.3,-172.2,-212.6,218.1
2025-04-09 10:36:30.925,1673.0,1727.0,1449.9,1299.9,-150.0,94.9,85.0,-243.0,-268.1,206.6
2025-04-09 10:36:31.029,1674.0,1726.0,1400.0,1299.9,-100.1,91.6,85.0,-322.0,-307.7,198.9
2025-04-09 10:36:31.133,1676.0,1724.0,1400.0,1200.0,-200.0,91.6,78.5,-402.4,-335.4,183.6
2025-04-09 10:36:31.235,1678.5,1721.5,1449.9,1200.0,-250.0,94.9,78.5,-489.0,-340.9,164.5
2025-04-09 10:36:31.335,1680.0,1720.0,1350.0,1200.0,-150.0,88.3,78.5,-569.4,-318.7,153.0
2025-04-09 10:36:31.436,1681.0,1719.0,1350.0,1250.0,-100.0,88.3,81.8,-645.2,-280.1,145.4
2025-04-09 10:36:31.536,1683.0,1717.0,1449.9,1250.0,-200.0,94.9,81.8,-718.0,-230.0,130.0
2025-04-09 10:36:31.636,1684.0,1716.0,1350.0,1250.0,-100.0,88.3,81.8,-772.8,-164.9,122.4
2025-04-09 10:36:31.736,1684.5,1715.5,1350.0,1299.9,-50.1,88.3,85.0,-819.3,-91.7,118.6
2025-04-09 10:36:31.837,1685.5,1714.5,1400.0,1299.9,-100.1,91.6,85.0,-861.6,-14.2,110.9
2025-04-09 10:36:31.937,1685.0,1715.0,1299.9,1350.0,50.0,85.0,88.3,-892.7,66.8,114.7
2025-04-09 10:36:32.037,1684.5,1715.5,1299.9,1350.0,50.0,85.0,88.3,-929.0,145.6,118.6
2025-04-09 10:36:32.138,1684.0,1716.0,1299.9,1350.0,50.0,85.0,88.3,-970.6,221.7,122.4
2025-04-09 10:36:32.238,1683.0,1717.0,1250.0,1350.0,100.0,81.8,88.3,-1016.2,293.5,130.0
2025-04-09 10:36:32.338,1682.5,1717.5,1250.0,1299.9,49.9,81.8,85.0,-1070.0,357.3,133.9
2025-04-09 10:36:32.439,1682.0,1718.0,1250.0,1299.9,49.9,81.8,85.0,-1127.8,417.4,137.7
2025-04-09 10:36:32.539,1681.0,1719.0,1200.0,1299.9,99.9,78.5,85.0,-1188.4,472.4,145.4
2025-04-09 10:36:32.639,1680.0,1720.0,1200.0,1299.9,99.9,78.5,85.0,-1255.7,518.9,153.0
2025-04-09 10:36:32.740,1680.0,1720.0,1250.0,1250.0,0.0,81.8,81.8,-1328.7,555.9,153.0
2025-04-09 10:36:32.840,1679.5,1720.5,1299.9,1350.0,50.0,85.0,88.3,-1406.0,595.2,156.8
2025-04-09 10:36:32.940,1678.0,1722.0,1150.0,1299.9,149.9,75.2,85.0,-1479.7,626.7,168.3
2025-04-09 10:36:33.041,1677.0,1723.0,1250.0,1350.0,100.0,81.8,88.3,-1563.1,643.9,176.0
2025-04-09 10:36:33.141,1676.5,1723.5,1299.9,1350.0,50.0,85.0,88.3,-1649.6,649.9,179.8
2025-04-09 10:36:33.241,1676.0,1724.0,1299.9,1350.0,50.0,85.0,88.3,-1736.3,650.1,183.6
2025-04-09 10:36:33.342,1676.0,1724.0,1299.9,1299.9,0.0,85.0,85.0,-1821.2,644.7,183.6
2025-04-09 10:36:33.442,1677.0,1723.0,1400.0,1299.9,-100.1,91.6,85.0,-1909.4,639.0,176.0
2025-04-09 10:36:33.542,1676.5,1723.5,1250.0,1299.9,49.9,81.8,85.0,-1992.6,644.8,179.8
2025-04-09 10:36:33.643,1676.5,1723.5,1299.9,1299.9,0.0,85.0,85.0,-2077.7,645.1,179.8
2025-04-09 10:36:33.743,1677.5,1722.5,1350.0,1250.0,-100.0,88.3,81.8,-2162.8,645.3,172.1
2025-04-09 10:36:33.843,1678.0,1722.0,1299.9,1250.0,-50.0,85.0,81.8,-2245.4,656.6,168.3
2025-04-09 10:36:33.944,1678.5,1721.5,1250.0,1200.0,-50.0,81.8,78.5,-2324.0,672.8,164.5
2025-04-09 10:36:34.044,1679.5,1720.5,1299.9,1200.0,-100.0,85.0,78.5,-2402.8,694.6,156.8
2025-04-09 10:36:34.144,1680.5,1719.5,1299.9,1200.0,-100.0,85.0,78.5,-2478.1,726.7,149.2
2025-04-09 10:36:34.245,1680.5,1719.5,1250.0,1250.0,0.0,81.8,81.8,-2548.4,768.6,149.2
2025-04-09 10:36:34.345,1681.5,1718.5,1350.0,1250.0,-100.0,88.3,81.8,-2621.5,812.1,141.5
2025-04-09 10:36:34.446,1682.0,1718.0,1299.9,1250.0,-50.0,85.0,81.8,-2686.8,864.0,137.7
2025-04-09 10:36:34.546,1681.5,1718.5,1250.0,1299.9,49.9,81.8,85.0,-2748.6,920.1,141.5
2025-04-09 10:36:34.647,1682.0,1718.0,1299.9,1250.0,-50.0,85.0,81.8,-2814.0,971.9,137.7
2025-04-09 10:36:34.747,1683.0,1717.0,1350.0,1250.0,-100.0,88.3,81.8,-2877.0,1029.1,130.0
2025-04-09 10:36:34.848,1683.5,1716.5,1299.9,1250.0,-50.0,85.0,81.8,-2930.7,1093.0,126.2
2025-04-09 10:36:34.949,1684.5,1715.5,1350.0,1250.0,-100.0,88.3,81.8,-2981.1,1161.6,118.6
2025-04-09 10:36:35.050,1685.5,1714.5,1350.0,1250.0,-100.0,88.3,81.8,-3021.8,1236.2,110.9
2025-04-09 10:36:35.150,1685.5,1714.5,1250.0,1250.0,0.0,81.8,81.8,-3051.1,1312.6,110.9
2025-04-09 10:36:35.251,1685.0,1715.0,1200.0,1250.0,50.0,78.5,81.8,-3079.8,1387.5,114.7
2025-04-09 10:36:35.351,1685.0,1715.0,1200.0,1200.0,0.0,78.5,78.5,-3112.7,1458.8,114.7
2025-04-09 10:36:35.452,1685.0,1715.0,1250.0,1250.0,0.0,81.8,81.8,-3147.0,1533.1,114.7
2025-04-09 10:36:35.553,1684.0,1716.0,1150.0,1250.0,100.0,75.2,81.8,-3180.0,1604.4,122.4
2025-04-09 10:36:35.653,1684.0,1716.0,1299.9,1299.9,0.0,85.0,85.0,-3225.6,1676.2,122.4
2025-04-09 10:36:35.754,1683.5,1716.5,1200.0,1250.0,50.0,78.5,81.8,-3268.6,1743.8,126.2
2025-04-09 10:36:35.854,1682.5,1717.5,1200.0,1299.9,99.9,78.5,85.0,-3317.0,1809.8,133.9
2025-04-09 10:36:35.955,1682.0,1718.0,1250.0,1299.9,49.9,81.8,85.0,-3374.9,1869.9,137.7
2025-04-09 10:36:36.056,1682.0,1718.0,1299.9,1299.9,0.0,85.0,85.0,-3437.9,1927.1,137.7
2025-04-09 10:36:36.156,1681.0,1719.0,1200.0,1299.9,99.9,78.5,85.0,-3498.4,1982.1,145.4
2025-04-09 10:36:36.256,1679.5,1720.5,1200.0,1350.0,150.0,78.5,88.3,-3567.1,2029.5,156.8
2025-04-09 10:36:36.357,1679.5,1720.5,1299.9,1299.9,0.0,85.0,85.0,-3645.4,2062.9,156.8
2025-04-09 10:36:36.458,1679.0,1721.0,1200.0,1250.0,50.0,78.5,81.8,-3719.1,2094.4,160.7
2025-04-09 10:36:36.558,1678.0,1722.0,1150.0,1250.0,100.0,75.2,81.8,-3793.3,2120.3,168.3
2025-04-09 10:36:36.659,1678.0,1722.0,1250.0,1250.0,0.0,81.8,81.8,-3873.4,2136.8,168.3
2025-04-09 10:36:36.761,1678.0,1722.0,1250.0,1250.0,0.0,81.8,81.8,-3953.5,2153.3,168.3
2025-04-09 10:36:36.862,1677.5,1722.5,1200.0,1250.0,50.0,78.5,81.8,-4032.0,2169.5,172.1
2025-04-09 10:36:36.965,1677.5,1722.5,1250.0,1250.0,0.0,81.8,81.8,-4113.1,2180.6,172.1
2025-04-09 10:36:37.065,1678.5,1721.5,1350.0,1250.0,-100.0,88.3,81.8,-4197.4,2192.2,164.5
2025-04-09 10:36:37.166,1678.0,1722.0,1250.0,1299.9,49.9,81.8,85.0,-4277.8,2214.4,168.3
2025-04-09 10:36:37.266,1677.5,1722.5,1250.0,1299.9,49.9,81.8,85.0,-4359.5,2231.2,172.1
2025-04-09 10:36:37.367,1678.5,1721.5,1350.0,1250.0,-100.0,88.3,81.8,-4443.8,2242.8,164.5
2025-04-09 10:36:37.467,1678.0,1722.0,1250.0,1299.9,49.9,81.8,85.0,-4524.3,2265.0,168.3
2025-04-09 10:36:37.567,1677.5,1722.5,1250.0,1299.9,49.9,81.8,85.0,-4606.0,2281.9,172.1
2025-04-09 10:36:37.668,1678.0,1722.0,1350.0,1299.9,-50.1,88.3,85.0,-4691.9,2293.7,168.3
2025-04-09 10:36:37.768,1677.5,1722.5,1299.9,1350.0,50.0,85.0,88.3,-4776.8,2311.2,172.1
2025-04-09 10:36:37.868,1677.5,1722.5,1250.0,1250.0,0.0,81.8,81.8,-4857.9,2322.3,172.1
2025-04-09 10:36:37.969,1677.5,1722.5,1250.0,1250.0,0.0,81.8,81.8,-4938.9,2333.4,172.1
2025-04-09 10:36:38.069,1678.0,1722.0,1299.9,1250.0,-50.0,85.0,81.8,-5021.6,2344.7,168.3
2025-04-09 10:36:38.170,1677.5,1722.5,1200.0,1250.0,50.0,78.5,81.8,-5100.1,2360.9,172.1
2025-04-09 10:36:38.270,1677.5,1722.5,1250.0,1250.0,0.0,81.8,81.8,-5181.2,2372.0,172.1
2025-04-09 10:36:38.371,1678.0,1722.0,1299.9,1250.0,-50.0,85.0,81.8,-5263.9,2383.4,168.3
2025-04-09 10:36:38.472,1677.5,1722.5,1250.0,1299.9,49.9,81.8,85.0,-5345.6,2400.2,172.1
2025-04-09 10:36:38.573,1677.0,1723.0,1250.0,1299.9,49.9,81.8,85.0,-5428.3,2411.5,176.0
2025-04-09 10:36:38.673,1677.0,1723.0,1299.9,1299.9,0.0,85.0,85.0,-5513.2,2417.4,176.0
2025-04-09 10:36:38.773,1676.5,1723.5,1250.0,1299.9,49.9,81.8,85.0,-5596.4,2423.2,179.8
2025-04-09 10:36:38.874,1676.5,1723.5,1299.9,1299.9,0.0,85.0,85.0,-5681.5,2423.5,179.8
2025-04-09 10:36:38.974,1677.0,1723.0,1350.0,1299.9,-50.1,88.3,85.0,-5768.2,2423.7,176.0
2025-04-09 10:36:39.074,1677.5,1722.5,1299.9,1250.0,-50.0,85.0,81.8,-5851.4,2429.5,172.1
2025-04-09 10:36:39.175,1677.0,1723.0,1200.0,1250.0,50.0,78.5,81.8,-5930.9,2440.4,176.0
2025-04-09 10:36:39.276,1678.0,1722.0,1350.0,1250.0,-100.0,88.3,81.8,-6015.8,2446.3,168.3
2025-04-09 10:36:39.377,1679.0,1721.0,1250.0,1150.0,-100.0,81.8,75.2,-6092.7,2462.1,160.7
2025-04-09 10:36:39.478,1679.5,1720.5,1250.0,1200.0,-50.0,81.8,78.5,-6168.3,2488.6,156.8
2025-04-09 10:36:39.578,1680.5,1719.5,1250.0,1150.0,-100.0,81.8,75.2,-6240.6,2519.5,149.2
2025-04-09 10:36:39.679,1681.5,1718.5,1299.9,1200.0,-100.0,85.0,78.5,-6310.9,2561.3,141.5
2025-04-09 10:36:39.779,1681.0,1719.0,1200.0,1250.0,50.0,78.5,81.8,-6373.7,2611.1,145.4
2025-04-09 10:36:39.879,1682.0,1718.0,1299.9,1200.0,-100.0,85.0,78.5,-6441.0,2657.6,137.7
2025-04-09 10:36:39.980,1682.5,1717.5,1299.9,1250.0,-50.0,85.0,81.8,-6502.8,2713.7,133.9
2025-04-09 10:36:40.080,1683.0,1717.0,1299.9,1250.0,-50.0,85.0,81.8,-6560.7,2773.8,130.0
2025-04-09 10:36:40.180,1682.5,1717.5,1200.0,1250.0,50.0,78.5,81.8,-6612.3,2835.1,133.9
2025-04-09 10:36:40.281,1683.0,1717.0,1350.0,1299.9,-50.1,88.3,85.0,-6672.5,2897.6,130.0
2025-04-09 10:36:40.381,1683.0,1717.0,1250.0,1250.0,0.0,81.8,81.8,-6725.2,2960.2,130.0
2025-04-09 10:36:40.481,1682.5,1717.5,1250.0,1299.9,49.9,81.8,85.0,-6778.9,3024.0,133.9
2025-04-09 10:36:40.582,1683.0,1717.0,1299.9,1250.0,-50.0,85.0,81.8,-6836.8,3084.1,130.0
2025-04-09 10:36:40.682,1683.0,1717.0,1250.0,1250.0,0.0,81.8,81.8,-6889.5,3146.7,130.0
2025-04-09 10:36:40.782,1682.5,1717.5,1150.0,1200.0,50.0,75.2,78.5,-6939.1,3205.5,133.9
2025-04-09 10:36:40.883,1682.5,1717.5,1200.0,1200.0,0.0,78.5,78.5,-6993.5,3262.1,133.9
2025-04-09 10:36:40.983,1683.0,1717.0,1299.9,1250.0,-50.0,85.0,81.8,-7051.4,3322.2,130.0
2025-04-09 10:36:41.084,1682.5,1717.5,1200.0,1250.0,50.0,78.5,81.8,-7103.1,3383.5,133.9
2025-04-09 10:36:41.184,1682.5,1717.5,1250.0,1250.0,0.0,81.8,81.8,-7159.8,3442.4,133.9
2025-04-09 10:36:41.285,1682.5,1717.5,1299.9,1299.9,0.0,85.0,85.0,-7218.8,3503.7,133.9
2025-04-09 10:36:41.385,1682.0,1718.0,1250.0,1299.9,49.9,81.8,85.0,-7276.7,3563.8,137.7
2025-04-09 10:36:41.485,1681.0,1719.0,1200.0,1299.9,99.9,78.5,85.0,-7337.3,3618.8,145.4
2025-04-09 10:36:41.585,1681.0,1719.0,1299.9,1299.9,0.0,85.0,85.0,-7407.3,3667.1,145.4
2025-04-09 10:36:41.686,1681.0,1719.0,1299.9,1299.9,0.0,85.0,85.0,-7477.4,3715.4,145.4
2025-04-09 10:36:41.786,1680.0,1720.0,1200.0,1299.9,99.9,78.5,85.0,-7544.7,3761.9,153.0
2025-04-09 10:36:41.887,1680.0,1720.0,1250.0,1250.0,0.0,81.8,81.8,-7617.6,3798.9,153.0
2025-04-09 10:36:41.987,1680.0,1720.0,1250.0,1250.0,0.0,81.8,81.8,-7690.6,3836.0,153.0
2025-04-09 10:36:42.087,1679.5,1720.5,1200.0,1250.0,50.0,78.5,81.8,-7762.1,3872.3,156.8
2025-04-09 10:36:42.188,1679.0,1721.0,1150.0,1200.0,50.0,75.2,78.5,-7832.8,3902.5,160.7
2025-04-09 10:36:42.288,1679.0,1721.0,1250.0,1250.0,0.0,81.8,81.8,-7910.0,3929.6,160.7
2025-04-09 10:36:42.388,1678.5,1721.5,1200.0,1250.0,50.0,78.5,81.8,-7985.7,3956.0,164.5
2025-04-09 10:36:42.488,1677.5,1722.5,1150.0,1250.0,100.0,75.2,81.8,-8061.4,3977.0,172.1
2025-04-09 10:36:42.589,1677.0,1723.0,1250.0,1299.9,49.9,81.8,85.0,-8144.0,3988.3,176.0
2025-04-09 10:36:42.690,1676.5,1723.5,1250.0,1299.9,49.9,81.8,85.0,-8227.3,3994.1,179.8
2025-04-09 10:36:42.790,1676.0,1724.0,1250.0,1299.9,49.9,81.8,85.0,-8310.7,3994.3,183.6
2025-04-09 10:36:42.891,1676.0,1724.0,1250.0,1250.0,0.0,81.8,81.8,-8392.4,3989.1,183.6
2025-04-09 10:36:42.992,1676.5,1723.5,1299.9,1250.0,-50.0,85.0,81.8,-8475.6,3983.8,179.8
2025-04-09 10:36:43.094,1675.0,1725.0,1150.0,1299.9,149.9,75.2,85.0,-8555.8,3984.0,191.3
2025-04-09 10:36:43.195,1675.5,1724.5,1250.0,1200.0,-50.0,81.8,78.5,-8634.4,3968.2,187.4
2025-04-09 10:36:43.298,1675.5,1724.5,1250.0,1250.0,0.0,81.8,81.8,-8715.5,3957.6,187.4
2025-04-09 10:36:43.402,1675.0,1725.0,1200.0,1250.0,50.0,78.5,81.8,-8795.0,3947.1,191.3
2025-04-09 10:36:43.506,1675.0,1725.0,1200.0,1200.0,0.0,78.5,78.5,-8872.0,3931.7,191.3
2025-04-09 10:36:43.608,1675.5,1724.5,1200.0,1150.0,-50.0,78.5,75.2,-8947.4,3916.6,187.4
2025-04-09 10:36:43.710,1675.5,1724.5,1250.0,1250.0,0.0,81.8,81.8,-9028.6,3905.9,187.4
2025-04-09 10:36:43.817,1675.5,1724.5,1200.0,1200.0,0.0,78.5,78.5,-9106.4,3895.7,187.4
2025-04-09 10:36:43.917,1676.0,1724.0,1250.0,1200.0,-50.0,81.8,78.5,-9185.9,3885.2,183.6
2025-04-09 10:36:44.017,1676.5,1723.5,1299.9,1250.0,-50.0,85.0,81.8,-9269.2,3879.9,179.8
2025-04-09 10:36:44.118,1676.0,1724.0,1200.0,1250.0,50.0,78.5,81.8,-9349.4,3880.1,183.6
2025-04-09 10:36:44.218,1676.0,1724.0,1250.0,1250.0,0.0,81.8,81.8,-9431.0,3874.9,183.6
2025-04-09 10:36:44.318,1676.5,1723.5,1299.9,1250.0,-50.0,85.0,81.8,-9514.3,3869.5,179.8
2025-04-09 10:36:44.419,1676.5,1723.5,1250.0,1250.0,0.0,81.8,81.8,-9596.1,3869.7,179.8
2025-04-09 10:36:44.519,1676.5,1723.5,1250.0,1250.0,0.0,81.8,81.8,-9677.9,3870.0,179.8
2025-04-09 10:36:44.620,1677.5,1722.5,1299.9,1200.0,-100.0,85.0,78.5,-9759.7,3870.2,172.1
2025-04-09 10:36:44.721,1678.0,1722.0,1250.0,1200.0,-50.0,81.8,78.5,-9839.1,3881.1,168.3
2025-04-09 10:36:44.821,1678.0,1722.0,1200.0,1200.0,0.0,78.5,78.5,-9916.1,3896.9,168.3
2025-04-09 10:36:44.921,1679.0,1721.0,1250.0,1150.0,-100.0,81.8,75.2,-9993.0,3912.8,160.7
2025-04-09 10:36:45.022,1680.0,1720.0,1250.0,1150.0,-100.0,81.8,75.2,-10067.1,3938.7,153.0
2025-04-09 10:36:45.122,1680.0,1720.0,1200.0,1200.0,0.0,78.5,78.5,-10137.1,3974.3,153.0
2025-04-09 10:36:45.223,1680.5,1719.5,1250.0,1200.0,-50.0,81.8,78.5,-10208.6,4010.6,149.2
2025-04-09 10:36:45.323,1681.0,1719.0,1299.9,1250.0,-50.0,85.0,81.8,-10280.3,4053.3,145.4
2025-04-09 10:36:45.424,1681.0,1719.0,1250.0,1250.0,0.0,81.8,81.8,-10347.7,4099.8,145.4
2025-04-09 10:36:45.524,1681.0,1719.0,1250.0,1250.0,0.0,81.8,81.8,-10415.0,4146.2,145.4
2025-04-09 10:36:45.624,1681.5,1718.5,1299.9,1250.0,-50.0,85.0,81.8,-10483.7,4193.6,141.5
2025-04-09 10:36:45.725,1681.5,1718.5,1250.0,1250.0,0.0,81.8,81.8,-10547.8,4244.4,141.5
2025-04-09 10:36:45.826,1680.5,1719.5,1200.0,1299.9,99.9,78.5,85.0,-10611.9,4295.3,149.2
2025-04-09 10:36:45.926,1681.0,1719.0,1299.9,1250.0,-50.0,85.0,81.8,-10683.6,4338.0,145.4
2025-04-09 10:36:46.027,1681.5,1718.5,1299.9,1250.0,-50.0,85.0,81.8,-10752.3,4385.3,141.5
2025-04-09 10:36:46.127,1681.0,1719.0,1150.0,1200.0,50.0,75.2,78.5,-10812.5,4433.1,145.4
2025-04-09 10:36:46.228,1681.5,1718.5,1200.0,1150.0,-50.0,78.5,75.2,-10875.8,4476.8,141.5
2025-04-09 10:36:46.329,1682.5,1717.5,1250.0,1150.0,-100.0,81.8,75.2,-10937.4,4525.6,133.9
2025-04-09 10:36:46.429,1682.0,1718.0,1150.0,1200.0,50.0,75.2,78.5,-10990.7,4581.0,137.7
2025-04-09 10:36:46.530,1681.5,1718.5,1200.0,1250.0,50.0,78.5,81.8,-11050.1,4634.9,141.5
2025-04-09 10:36:46.630,1682.0,1718.0,1250.0,1200.0,-50.0,81.8,78.5,-11112.9,4684.7,137.7
2025-04-09 10:36:46.731,1682.0,1718.0,1250.0,1250.0,0.0,81.8,81.8,-11173.4,4739.7,137.7
2025-04-09 10:36:46.832,1681.5,1718.5,1250.0,1299.9,49.9,81.8,85.0,-11235.2,4795.8,141.5
2025-04-09 10:36:46.934,1682.0,1718.0,1299.9,1250.0,-50.0,85.0,81.8,-11300.6,4847.7,137.7
2025-04-09 10:36:47.035,1682.0,1718.0,1250.0,1250.0,0.0,81.8,81.8,-11361.1,4902.7,137.7
2025-04-09 10:36:47.135,1680.5,1719.5,1150.0,1299.9,149.9,75.2,85.0,-11420.5,4956.6,149.2
2025-04-09 10:36:47.236,1680.5,1719.5,1250.0,1250.0,0.0,81.8,81.8,-11490.8,4998.5,149.2
2025-04-09 10:36:47.336,1681.0,1719.0,1299.9,1250.0,-50.0,85.0,81.8,-11562.5,5041.1,145.4
2025-04-09 10:36:47.437,1680.0,1720.0,1150.0,1250.0,100.0,75.2,81.8,-11627.1,5085.7,153.0
2025-04-09 10:36:47.538,1680.0,1720.0,1200.0,1200.0,0.0,78.5,78.5,-11697.1,5121.3,153.0
2025-04-09 10:36:47.639,1681.0,1719.0,1250.0,1150.0,-100.0,81.8,75.2,-11767.2,5156.9,145.4
2025-04-09 10:36:47.739,1681.0,1719.0,1150.0,1150.0,0.0,75.2,75.2,-11829.1,5199.6,145.4
2025-04-09 10:36:47.840,1680.0,1720.0,1100.0,1200.0,100.0,71.9,78.5,-11891.1,5242.4,153.0
2025-04-09 10:36:47.940,1680.5,1719.5,1250.0,1200.0,-50.0,81.8,78.5,-11962.5,5278.7,149.2
2025-04-09 10:36:48.041,1680.5,1719.5,1250.0,1250.0,0.0,81.8,81.8,-12032.8,5320.6,149.2
2025-04-09 10:36:48.141,1680.0,1720.0,1200.0,1250.0,50.0,78.5,81.8,-12101.7,5361.6,153.0
2025-04-09 10:36:48.241,1679.5,1720.5,1200.0,1250.0,50.0,78.5,81.8,-12173.2,5397.9,156.8
2025-04-09 10:36:48.342,1680.0,1720.0,1299.9,1250.0,-50.0,85.0,81.8,-12249.9,5430.7,153.0
2025-04-09 10:36:48.442,1679.5,1720.5,1200.0,1250.0,50.0,78.5,81.8,-12321.4,5467.0,156.8
2025-04-09 10:36:48.542,1679.5,1720.5,1250.0,1250.0,0.0,81.8,81.8,-12396.7,5499.1,156.8
2025-04-09 10:36:48.643,1679.5,1720.5,1250.0,1250.0,0.0,81.8,81.8,-12471.9,5531.2,156.8
2025-04-09 10:36:48.744,1679.5,1720.5,1250.0,1250.0,0.0,81.8,81.8,-12547.1,5563.3,156.8
2025-04-09 10:36:48.844,1679.0,1721.0,1150.0,1200.0,50.0,75.2,78.5,-12617.9,5593.5,160.7
2025-04-09 10:36:48.944,1679.5,1720.5,1250.0,1200.0,-50.0,81.8,78.5,-12693.5,5620.0,156.8
2025-04-09 10:36:49.045,1680.0,1720.0,1200.0,1150.0,-50.0,78.5,75.2,-12764.3,5650.2,153.0
2025-04-09 10:36:49.145,1680.0,1720.0,1200.0,1200.0,0.0,78.5,78.5,-12834.3,5685.8,153.0
2025-04-09 10:36:49.245,1679.5,1720.5,1150.0,1200.0,50.0,75.2,78.5,-12902.8,5720.6,156.8
2025-04-09 10:36:49.346,1679.5,1720.5,1250.0,1250.0,0.0,81.8,81.8,-12978.1,5752.7,156.8
2025-04-09 10:36:49.446,1679.0,1721.0,1200.0,1250.0,50.0,78.5,81.8,-13051.8,5784.2,160.7
2025-04-09 10:36:49.547,1678.0,1722.0,1150.0,1250.0,100.0,75.2,81.8,-13126.0,5810.2,168.3
2025-04-09 10:36:49.647,1678.0,1722.0,1250.0,1250.0,0.0,81.8,81.8,-13206.1,5826.7,168.3
2025-04-09 10:36:49.748,1678.0,1722.0,1250.0,1250.0,0.0,81.8,81.8,-13286.2,5843.2,168.3
2025-04-09 10:36:49.848,1677.0,1723.0,1200.0,1299.9,99.9,78.5,85.0,-13366.3,5859.7,176.0
2025-04-09 10:36:49.948,1676.5,1723.5,1200.0,1250.0,50.0,78.5,81.8,-13446.3,5865.2,179.8
2025-04-09 10:36:50.048,1676.5,1723.5,1250.0,1250.0,0.0,81.8,81.8,-13528.1,5865.5,179.8
2025-04-09 10:36:50.149,1676.0,1724.0,1200.0,1250.0,50.0,78.5,81.8,-13608.3,5865.7,183.6
2025-04-09 10:36:50.249,1675.5,1724.5,1200.0,1250.0,50.0,78.5,81.8,-13688.3,5860.6,187.4
2025-04-09 10:36:50.350,1676.0,1724.0,1250.0,1200.0,-50.0,81.8,78.5,-13767.8,5850.1,183.6
2025-04-09 10:36:50.451,1676.0,1724.0,1200.0,1200.0,0.0,78.5,78.5,-13846.2,5845.1,183.6
2025-04-09 10:36:50.551,1675.5,1724.5,1150.0,1200.0,50.0,75.2,78.5,-13922.9,5840.1,187.4
2025-04-09 10:36:50.652,1675.0,1725.0,1200.0,1250.0,50.0,78.5,81.8,-14002.4,5829.7,191.3
2025-04-09 10:36:50.752,1675.0,1725.0,1250.0,1250.0,0.0,81.8,81.8,-14082.6,5813.6,191.3
2025-04-09 10:36:50.853,1674.5,1725.5,1200.0,1250.0,50.0,78.5,81.8,-14161.2,5797.9,195.1
2025-04-09 10:36:50.953,1673.5,1726.5,1150.0,1250.0,100.0,75.2,81.8,-14237.1,5777.4,202.8
2025-04-09 10:36:51.054,1673.5,1726.5,1299.9,1299.9,0.0,85.0,85.0,-14315.5,5744.4,202.8
2025-04-09 10:36:51.154,1673.0,1727.0,1250.0,1299.9,49.9,81.8,85.0,-14392.4,5712.1,206.6
2025-04-09 10:36:51.255,1673.0,1727.0,1250.0,1250.0,0.0,81.8,81.8,-14465.5,5675.4,206.6
2025-04-09 10:36:51.355,1673.0,1727.0,1250.0,1250.0,0.0,81.8,81.8,-14538.7,5638.7,206.6
2025-04-09 10:36:51.456,1673.0,1727.0,1250.0,1250.0,0.0,81.8,81.8,-14611.8,5602.1,206.6
2025-04-09 10:36:51.556,1672.5,1727.5,1200.0,1250.0,50.0,78.5,81.8,-14683.5,5566.1,210.4
2025-04-09 10:36:51.657,1672.5,1727.5,1200.0,1200.0,0.0,78.5,78.5,-14751.2,5526.3,210.4
2025-04-09 10:36:51.757,1673.0,1727.0,1250.0,1200.0,-50.0,81.8,78.5,-14820.3,5485.7,206.6
2025-04-09 10:36:51.857,1673.5,1726.5,1200.0,1150.0,-50.0,78.5,75.2,-14889.0,5451.2,202.8
2025-04-09 10:36:51.958,1673.5,1726.5,1200.0,1200.0,0.0,78.5,78.5,-14961.4,5420.8,202.8
2025-04-09 10:36:52.058,1674.5,1725.5,1299.9,1200.0,-100.0,85.0,78.5,-15036.9,5389.1,195.1
2025-04-09 10:36:52.159,1674.5,1725.5,1250.0,1250.0,0.0,81.8,81.8,-15115.8,5367.7,195.1
2025-04-09 10:36:52.260,1675.0,1725.0,1250.0,1200.0,-50.0,81.8,78.5,-15193.2,5346.7,191.3
2025-04-09 10:36:52.360,1675.5,1724.5,1299.9,1250.0,-50.0,85.0,81.8,-15275.0,5330.4,187.4
2025-04-09 10:36:52.460,1676.5,1723.5,1299.9,1200.0,-100.0,85.0,78.5,-15356.2,5319.7,179.8
2025-04-09 10:36:52.560,1676.5,1723.5,1250.0,1250.0,0.0,81.8,81.8,-15438.0,5319.9,179.8
2025-04-09 10:36:52.661,1677.0,1723.0,1250.0,1200.0,-50.0,81.8,78.5,-15518.1,5320.1,176.0
2025-04-09 10:36:52.761,1677.5,1722.5,1299.9,1250.0,-50.0,85.0,81.8,-15601.4,5325.9,172.1
2025-04-09 10:36:52.861,1677.5,1722.5,1200.0,1200.0,0.0,78.5,78.5,-15679.2,5336.6,172.1
2025-04-09 10:36:52.962,1678.5,1721.5,1250.0,1150.0,-100.0,81.8,75.2,-15757.0,5347.3,164.5
2025-04-09 10:36:53.062,1679.5,1720.5,1250.0,1150.0,-100.0,81.8,75.2,-15832.7,5368.2,156.8
2025-04-09 10:36:53.162,1680.0,1720.0,1200.0,1150.0,-50.0,78.5,75.2,-15903.4,5398.4,153.0
2025-04-09 10:36:53.262,1680.0,1720.0,1150.0,1150.0,0.0,75.2,75.2,-15970.5,5432.5,153.0
2025-04-09 10:36:53.363,1681.0,1719.0,1250.0,1150.0,-100.0,81.8,75.2,-16040.5,5468.1,145.4
2025-04-09 10:36:53.463,1681.0,1719.0,1250.0,1250.0,0.0,81.8,81.8,-16107.9,5514.5,145.4
2025-04-09 10:36:53.563,1681.0,1719.0,1250.0,1250.0,0.0,81.8,81.8,-16175.2,5561.0,145.4
2025-04-09 10:36:53.664,1681.5,1718.5,1299.9,1250.0,-50.0,85.0,81.8,-16243.9,5608.4,141.5
2025-04-09 10:36:53.764,1682.0,1718.0,1299.9,1250.0,-50.0,85.0,81.8,-16309.3,5660.2,137.7
2025-04-09 10:36:53.865,1681.5,1718.5,1200.0,1250.0,50.0,78.5,81.8,-16368.6,5714.1,141.5
2025-04-09 10:36:53.965,1681.0,1719.0,1200.0,1250.0,50.0,78.5,81.8,-16431.5,5764.0,145.4
2025-04-09 10:36:54.066,1681.5,1718.5,1299.9,1250.0,-50.0,85.0,81.8,-16500.1,5811.3,141.5
2025-04-09 10:36:54.167,1680.5,1719.5,1200.0,1299.9,99.9,78.5,85.0,-16564.2,5862.2,149.2
2025-04-09 10:36:54.267,1680.0,1720.0,1200.0,1250.0,50.0,78.5,81.8,-16633.1,5903.2,153.0
2025-04-09 10:36:54.368,1679.5,1720.5,1200.0,1250.0,50.0,78.5,81.8,-16704.6,5939.5,156.8
2025-04-09 10:36:54.469,1679.5,1720.5,1200.0,1200.0,0.0,78.5,78.5,-16776.8,5970.3,156.8
2025-04-09 10:36:54.569,1678.5,1721.5,1150.0,1250.0,100.0,75.2,81.8,-16849.1,6001.2,164.5
2025-04-09 10:36:54.671,1678.0,1722.0,1100.0,1150.0,50.0,71.9,75.2,-16920.0,6020.8,168.3
2025-04-09 10:36:54.772,1678.0,1722.0,1250.0,1250.0,0.0,81.8,81.8,-17000.2,6037.3,168.3
2025-04-09 10:36:54.872,1676.5,1723.5,1150.0,1299.9,149.9,75.2,85.0,-17078.7,6053.5,179.8
2025-04-09 10:36:54.973,1675.5,1724.5,1150.0,1250.0,100.0,75.2,81.8,-17157.2,6053.7,187.4
2025-04-09 10:36:55.073,1675.0,1725.0,1250.0,1299.9,49.9,81.8,85.0,-17240.0,6042.8,191.3
2025-04-09 10:36:55.174,1674.5,1725.5,1200.0,1250.0,50.0,78.5,81.8,-17318.6,6027.1,195.1
2025-04-09 10:36:55.274,1673.0,1727.0,1150.0,1299.9,149.9,75.2,85.0,-17396.0,6006.1,206.6
2025-04-09 10:36:55.374,1673.0,1727.0,1250.0,1250.0,0.0,81.8,81.8,-17469.1,5969.5,206.6
2025-04-09 10:36:55.475,1673.0,1727.0,1299.9,1299.9,0.0,85.0,85.0,-17545.2,5931.3,206.6
2025-04-09 10:36:55.575,1672.0,1728.0,1150.0,1250.0,100.0,75.2,81.8,-17615.4,5896.1,214.2
2025-04-09 10:36:55.675,1672.5,1727.5,1250.0,1200.0,-50.0,81.8,78.5,-17681.6,5851.0,210.4
2025-04-09 10:36:55.776,1673.0,1727.0,1250.0,1200.0,-50.0,81.8,78.5,-17750.7,5810.3,206.6
2025-04-09 10:36:55.876,1673.0,1727.0,1150.0,1150.0,0.0,75.2,75.2,-17818.0,5776.6,206.6
2025-04-09 10:36:55.977,1672.5,1727.5,1150.0,1200.0,50.0,75.2,78.5,-17886.7,5742.1,210.4
2025-04-09 10:36:56.077,1673.0,1727.0,1200.0,1150.0,-50.0,78.5,75.2,-17953.0,5703.1,206.6
2025-04-09 10:36:56.177,1673.5,1726.5,1250.0,1200.0,-50.0,81.8,78.5,-18024.7,5667.2,202.8
2025-04-09 10:36:56.278,1673.5,1726.5,1200.0,1200.0,0.0,78.5,78.5,-18097.1,5636.8,202.8
2025-04-09 10:36:56.379,1673.0,1727.0,1200.0,1250.0,50.0,78.5,81.8,-18171.0,5605.7,206.6
2025-04-09 10:36:56.479,1674.0,1726.0,1299.9,1200.0,-100.0,85.0,78.5,-18244.2,5569.0,198.9
2025-04-09 10:36:56.580,1673.5,1726.5,1200.0,1250.0,50.0,78.5,81.8,-18320.0,5543.0,202.8
2025-04-09 10:36:56.681,1673.5,1726.5,1200.0,1200.0,0.0,78.5,78.5,-18392.4,5512.5,202.8
2025-04-09 10:36:56.783,1674.0,1726.0,1250.0,1200.0,-50.0,81.8,78.5,-18466.3,5481.5,198.9
2025-04-09 10:36:56.883,1674.0,1726.0,1200.0,1200.0,0.0,78.5,78.5,-18540.5,5455.9,198.9
2025-04-09 10:36:56.984,1673.5,1726.5,1150.0,1200.0,50.0,75.2,78.5,-18613.3,5430.9,202.8
2025-04-09 10:36:57.084,1673.5,1726.5,1200.0,1200.0,0.0,78.5,78.5,-18685.7,5400.5,202.8
2025-04-09 10:36:57.184,1674.5,1725.5,1250.0,1150.0,-100.0,81.8,75.2,-18758.1,5370.0,195.1
2025-04-09 10:36:57.285,1673.5,1726.5,1100.0,1200.0,100.0,71.9,78.5,-18830.7,5350.4,202.8
2025-04-09 10:36:57.385,1673.5,1726.5,1150.0,1150.0,0.0,75.2,75.2,-18900.1,5321.2,202.8
2025-04-09 10:36:57.486,1674.0,1726.0,1250.0,1200.0,-50.0,81.8,78.5,-18974.0,5290.1,198.9
2025-04-09 10:36:57.586,1674.0,1726.0,1250.0,1250.0,0.0,81.8,81.8,-19051.4,5263.5,198.9
2025-04-09 10:36:57.687,1674.0,1726.0,1200.0,1200.0,0.0,78.5,78.5,-19125.7,5238.0,198.9
2025-04-09 10:36:57.787,1674.0,1726.0,1250.0,1250.0,0.0,81.8,81.8,-19203.0,5211.4,198.9
2025-04-09 10:36:57.889,1674.5,1725.5,1250.0,1200.0,-50.0,81.8,78.5,-19278.8,5185.3,195.1
2025-04-09 10:36:57.990,1674.0,1726.0,1200.0,1250.0,50.0,78.5,81.8,-19356.2,5164.4,198.9
2025-04-09 10:36:58.091,1674.0,1726.0,1200.0,1200.0,0.0,78.5,78.5,-19430.5,5138.8,198.9
2025-04-09 10:36:58.193,1674.5,1725.5,1250.0,1200.0,-50.0,81.8,78.5,-19506.3,5112.8,195.1
2025-04-09 10:36:58.294,1674.5,1725.5,1250.0,1250.0,0.0,81.8,81.8,-19585.3,5091.4,195.1
2025-04-09 10:36:58.395,1674.5,1725.5,1150.0,1150.0,0.0,75.2,75.2,-19657.9,5071.7,195.1
2025-04-09 10:36:58.495,1675.5,1724.5,1250.0,1150.0,-100.0,81.8,75.2,-19733.7,5051.2,187.4
2025-04-09 10:36:58.596,1676.0,1724.0,1200.0,1150.0,-50.0,78.5,75.2,-19810.0,5041.2,183.6
2025-04-09 10:36:58.696,1675.5,1724.5,1100.0,1150.0,50.0,71.9,75.2,-19883.5,5036.5,187.4
2025-04-09 10:36:58.796,1676.0,1724.0,1250.0,1200.0,-50.0,81.8,78.5,-19962.9,5026.0,183.6
